id,fecha,autor,instancia,fase,ruta,sha256,descripcion,interpretacion,hallazgo_ids,figura,pagina_pdf
EV-JACD-001,no-registrada,JACD,LAB-JACD,Intelligence Gathering,evidencias/originales/JACD/EV-JACD-001.png,f37a4e7324f5a51492e6143aac2e072504cd8c3563f45797f23b8f90a6694d51,Descubrimiento ARP,La captura acredita respuestas ARP. La asignación de .130 a DC-1 y los roles de .1/.254 proceden de las notas de Jaime; la captura sola no acredita esos roles ni el modo Host-Only.,,Figura 01,28
EV-JACD-002,no-registrada,JACD,LAB-JACD,Intelligence Gathering,evidencias/originales/JACD/EV-JACD-002.png,c2846070dfbafbb4153a371687268633637513ae57a38f40429c2b05411819ec,Conectividad ICMP,"Conectividad observada en esta sesión. TTL 64 es un indicio, no confirmación del sistema operativo; falta evidencia de consola mencionada en las notas.",,Figura 02,29
EV-EJVA-001,no-registrada,EJVA,LAB-EJVA,Pre-Engagement,evidencias/originales/EJVA/EV-EJVA-001.png,1f71e3522c3b0d2d78d53dba79d14e8901a8679f45ede9beb2fbd88c2b1c59d3,Pantalla de arranque,Indicio del sistema configurado para arrancar. No prueba la versión efectivamente ejecutada ni vincula por sí sola esta consola a 192.168.81.130.,,Figura 03,30
EV-EJVA-002,no-registrada,EJVA,LAB-EJVA,Intelligence Gathering,evidencias/originales/EJVA/EV-EJVA-002.png,d2d00039a36cb1d1e80a23e96822537e894e03a0a155bb343458d5b9e65278f8,Interfaces y descubrimiento ARP,La advertencia no impidió recibir respuestas. Falta captura del hipervisor que confirme aislamiento; dos interfaces no prueban Bridge ni Host-Only.,,Figura 04,31
EV-EJVA-003,no-registrada,EJVA,LAB-EJVA,Intelligence Gathering,evidencias/originales/EJVA/EV-EJVA-003.png,2d7c1b2569bcfae404f1bcca685a8c854ab0dda392486af90587ddd30d926372,Descubrimiento y escaneo TCP completo,"Superficie TCP observada, no vulnerabilidades. 57249 aparece todavía unknown en este escaneo; el escaneo de servicios posterior lo identifica. No demuestra cobertura UDP.",,Figura 05,32
EV-EJVA-004,2026-10-03T11:16:35-05:00,EJVA,LAB-EJVA,Intelligence Gathering,evidencias/originales/EJVA/EV-EJVA-004.png,782633c818375c575f2a8e451ad38d92a220dc14fcc8d09eec05ed788c11d86a,Salida guardada del escaneo TCP,"Respalda la captura anterior. Se extrajo la imagen, no el archivo nmap_fullscan.txt original. Zona -05:00 tomada del escaneo relacionado; reloj del laboratorio no verificado.",,Figura 06,33
EV-EJVA-005,no-registrada,EJVA,LAB-EJVA,Intelligence Gathering,evidencias/originales/EJVA/EV-EJVA-005.png,fd47f0ac375aae9c92316922414be03af97d48d13bba48b4abb8088f8e2f1194,Servicios y versiones Nmap,"Versiones reportadas por fingerprinting; no demuestran exploit ni parche ausente. rpcinfo enumera puertos UDP, pero esto no sustituye escaneo UDP. El comando no incluye -O.",,Figura 07,34
EV-EJVA-006,no-registrada,EJVA,LAB-EJVA,Enumeración,evidencias/originales/EJVA/EV-EJVA-006.png,da564cbf5b82c304361d8da03f7854ec060bf5895179fde33f01346be0b78ce0,Gobuster y error al invocar URL,La URL debe abrirse en navegador o cliente HTTP; el error no es del servicio. No afirmar que WPScan se completó ni que hay WordPress. 403 no demuestra archivo accesible ni existencia inequívoca.,,Figura 08,35
EV-EJVA-007,no-registrada,EJVA,LAB-EJVA,Enumeración,evidencias/originales/EJVA/EV-EJVA-007.png,3476c2bfd78539327c0d9ac130b386b6b276be1a0fae48da016548780f76a956,Resultados de enumeración de rutas,"Los códigos son observaciones de enumeración. No prueban por sí solos divulgación sensible, listado de directorios o acceso administrativo. Comprobar contenido y controles antes de asignar hallazgo.",,Figura 09,36
EV-EJVA-008,no-registrada,EJVA,LAB-EJVA,Enumeración,evidencias/originales/EJVA/EV-EJVA-008.png,7c792f582f325bd7a309ce963bfa4e2b47e85da01be16c389369eba4773659e0,Consultas HTTP y error de head,Conservar el error y su corrección. GET a xmlrpc.php no demuestra ejecución remota. Un web.config servido por Apache no demuestra IIS ni exposición de secretos.,,Figura 10,37
EV-EJVA-009,no-registrada,EJVA,LAB-EJVA,Enumeración,evidencias/originales/EJVA/EV-EJVA-009.png,8a3c0d56f1c948e4d786bdd292f7ad53c87be6a8e899368a8ce99395b0f9a1ed,Contenido de robots.txt,Las reglas orientan enumeración; no equivalen a controles de acceso ni garantizan exposición de cada ruta.,,Figura 11,38
EV-EJVA-010,no-registrada,EJVA,LAB-EJVA,Enumeración,evidencias/originales/EJVA/EV-EJVA-010.png,8e89853bc558018f15ec929889e05454e5e3d5c7f36d1406817ed174e2e42ea4,Contenido de README,Corrobora familia tecnológica sin confirmar versión menor ni vulnerabilidad. No tratar drupal-x.y.z.tar.gz como una versión real.,,Figura 12,39
EV-EJVA-011,no-registrada,EJVA,LAB-EJVA,Enumeración,evidencias/originales/EJVA/EV-EJVA-011.png,fce9e3f66ea6dcbe524248b28fcbe42e4a79e53bba295da9f071213b9a39706d,Fingerprinting WhatWeb,"Fingerprinting consistente con Nmap para HTTP. Versiones reportadas, no validación de CVE; registrar versión de WhatWeb y obtener respuesta original si se conserva.",,Figura 13,40
EV-DQH-001,no-registrada,DQH,LAB-DQH,Intelligence Gathering,evidencias/originales/DQH/EV-DQH-001.png,794aa5da687c7134bd06d5bf58a64b0a56b1291c3181071d917b18bed153fc06,Descubrimiento ARP de Daniel,Respuestas ARP; .18.130 tiene MAC 00:0c:29:45:c1:6e. No muestra enumeración de usuarios SSH.,,Figura 16,43
EV-DQH-002,no-registrada,DQH,LAB-DQH,Intelligence Gathering,evidencias/originales/DQH/EV-DQH-002.png,17b3e02e2fe9a6e33815aa88c7f0f1d50910059ff45cd7b63da3bde3e7d48a44,Nmap de Daniel primera parte,"Escaneo iniciado 2026-10-03 14:57 -0500; muestra SSH, HTTP y RPC. No es Hydra.",,Figura 17,44
EV-DQH-003,no-registrada,DQH,LAB-DQH,Intelligence Gathering,evidencias/originales/DQH/EV-DQH-003.png,0d6b249a4d5d258d1757e119d2d1a4d52eb742644a498f0abc7c642e3aff0e3f,Nmap de Daniel segunda parte,53497/tcp status y cierre Nmap; MAC 00:0c:29:45:c1:6e. No muestra login SSH.,,Figura 18,45
EV-DQH-004,no-registrada,DQH,LAB-DQH,Intelligence Gathering,evidencias/originales/DQH/EV-DQH-004.png,33777c51d8070844ca820715d5cc5d14204aee62df8634bdc22d69ff066a2ba1,Página inicial Drupal de Daniel,Página pública en .18.130. No muestra SUID ni escalamiento.,,Figura 19,46
EV-DQH-005,no-registrada,DQH,LAB-DQH,Intelligence Gathering,evidencias/originales/DQH/EV-DQH-005.png,575561e2914fc7701eb88a50afefcfbfd52ca460fa4cd2187be400c4335e049d,WhatWeb de Daniel,Fingerprinting Apache/Drupal/PHP. No muestra root ni bandera final.,,Figura 20,47
EV-JDOG-001,no-registrada,JDOG,LAB-JDOG,Intelligence Gathering,evidencias/originales/JDOG/EV-JDOG-001.png,7edb6c362072115f3ddb8f951554b4d0a290f93e13f9c5d13ad651796bc2e405,Conectividad y Nmap en curso,"Estado: conectividad observada y escaneo en curso al capturar. Objetivo candidato 192.168.128.4; falta vincular su MAC con el adaptador de DC-1 en UTM, evidenciar aislamiento y obtener la salida final. UTM/Parrot son información aportada por Juan, no configuración comprobada por esta imagen. No trasladar puertos ni versiones de LAB-JACD o LAB-EJVA a LAB-JDOG. Sin vulnerabilidades confirmadas.",,Figura 14,41
EV-JDOG-002,no-registrada,JDOG,LAB-JDOG,Intelligence Gathering,evidencias/originales/JDOG/EV-JDOG-002.png,c84dbe567436012c1fcdc93e3c129b3e60f1ef1f30e5946d1ae42457f83c2f28,Resultado final Nmap TCP,"Inventario TCP observado; sin vulnerabilidad, CVE ni CVSS confirmados. La familia Drupal 7 está reportada, pero no su versión menor. Falta corroborar identidad DC-1 y aislamiento mediante configuración UTM, y conservar salida original en texto. No hay prueba de shell ni escalamiento.",,Figura 15,42
EV-JACD-003,no-registrada,JACD,LAB-JACD,Exploitation,evidencias/originales/JACD/EV-JACD-003.png,54897a0089fede7bf799de82dc4321e0f97117f2ccf7117923bfec4bccc418f6,Shell inicial Drupalgeddon,"Sesión del módulo drupal_drupageddon hacia .18.130; id y whoami muestran www-data. Fecha visible: 2026-10-03 15:42:07 -0500, apertura de sesión, no hora de captura.",PT-001,Figura 21,48
EV-JACD-004,no-registrada,JACD,LAB-JACD,Exploitation,evidencias/originales/JACD/EV-JACD-004.png,814d5f8e74dfb1a7d8130907522797f50173e40aae0eba4b0f3c309ce69fbc9c,Shell con EUID root,"/tmp/rootbash -p seguido de id: uid=33(www-data), euid=0(root). Prueba privilegio efectivo; falta hostname en la misma captura.",PT-002,Figura 22,49
EV-JACD-005,no-registrada,JACD,LAB-JACD,Exploitation,evidencias/originales/JACD/EV-JACD-005.png,019d621ba7879726f4e4f1d82d31a1448f1a90d7779534e0387adbdfb4f42a79,Recuperación de contraseña mediante Hashcat,Hashcat modo 7900 muestra candidato recuperado; lista personalizada incluye esa misma contraseña. No demuestra debilidad intrínseca del algoritmo ni origen independiente de la lista.,PT-003,Figura 23,50
EV-JACD-006,no-registrada,JACD,LAB-JACD,Exploitation,evidencias/originales/JACD/EV-JACD-006.png,e37317e61b4ddd5192ce2936791cdf53b18ecac771bcbf4f215a2155bb822029,Ejecución PHP desde página administrativa,"/node/3 muestra uid=33(www-data), hostname DC-1 y uname. Requiere sesión admin y activación previa de PHP Filter por el evaluador.",PT-004,Figura 24,51
EV-JACD-007,no-registrada,JACD,LAB-JACD,Exploitation,evidencias/originales/JACD/EV-JACD-007.png,6dedcd5d41e15df3486e54964009cdb97e2e44435ba272474280e6dbf95d6a1a,Permisos de find,ls -la muestra propietario root y bit SUID en /usr/bin/find. Capturado ya desde prompt privilegiado: no asumir orden cronológico del descubrimiento.,PT-002,Figura 25,52
EV-JACD-008,no-registrada,JACD,LAB-JACD,Exploitation,evidencias/originales/JACD/EV-JACD-008.png,abbe03a1311bb3ea2a2675ea39bb36e647baa82dbf09c1f2d155eae3d7dbb946,Preparación de shell temporal,Secuencia desde www-data: primer archivo conserva dueño www-data; segundo creado mediante find queda root y se habilita SUID. Artefacto /tmp/rootbash debe retirarse al cerrar.,PT-002,Figura 26,53
EV-JACD-009,no-registrada,JACD,LAB-JACD,Exploitation,evidencias/originales/JACD/EV-JACD-009.png,43d18e46d5b95985179106731532bf6fc08f21b422d8ce3edf1af79f459d7444,Identidad de sesión inicial,"id, whoami, uname -a y hostname muestran www-data y DC-1. Vincular a sesión de EV-JACD-003 sin deducir continuidad solo por orden editorial.",PT-001,Figura 27,54
EV-JACD-010,no-registrada,JACD,LAB-JACD,Exploitation,evidencias/originales/JACD/EV-JACD-010.png,b98d9eab3693f2f5acd01d4eaf94567ba29c3817faa8a3389ac7fc83aa04d06a,Lectura de banderas,Lectura de banderas incluida la final desde rootbash. La evidencia de EUID está en EV-JACD-004; lectura de flag sola no reemplaza identidad.,PT-002,Figura 28,55
EV-JACD-011,no-registrada,JACD,LAB-JACD,Exploitation,evidencias/originales/JACD/EV-JACD-011.png,4fd5e9201a4fa235689c585d598b52e67a6844d64dda9d0f735bfda11f9efd01,Activación de PHP Filter,Mensaje de creación de formato PHP y guardado de configuración. Documenta modificación por el evaluador; no prueba que el módulo estuviera activo de origen.,PT-004,Figura 29,56
EV-JACD-012,no-registrada,JACD,LAB-JACD,Exploitation,evidencias/originales/JACD/EV-JACD-012.png,8ca555528ee0e5a91b13f9566b5c2578f862c9b8714e369ba01e0a208d026d2c,Creación de contenido PHP,"Formulario de página con código y formato PHP. Es precondición de EV-JACD-006, no explotación anónima.",PT-004,Figura 30,57
EV-JACD-013,no-registrada,JACD,LAB-JACD,Exploitation,evidencias/originales/JACD/EV-JACD-013.png,457cff8e26e6d20914a9430d5f0884dab12b2d73c7725a2f9d0dc876d25731d2,Sesión admin Drupal,Interfaz Hello admin tras login reportado. Apoya acceso al CMS; la procedencia de hashes queda en notas sin captura de extracción.,PT-003;PT-004,Figura 31,58
EV-JACD-014,no-registrada,JACD,LAB-JACD,Exploitation,evidencias/originales/JACD/EV-JACD-014.png,4a709d07cb8945757d44c8088bf536052a5ea43e847a1d0a632030e755561c13,Opciones de Drupalgeddon,Opciones del módulo y payload visibles. Configuración no equivale a explotación; resultado en EV-JACD-003.,PT-001,Figura 32,59
EV-JACD-015,no-registrada,JACD,LAB-JACD,Intelligence Gathering,evidencias/originales/JACD/EV-JACD-015.png,cf74284976f6c6553245737ab03df1ddfe81fbcbfcad94afa3e23bb167d8a700,Escaneo TCP completo Jaime,Nmap muestra 22/80/111/59236 TCP y MAC 00:0c:29:55:ea:9d; fecha visible 2026-10-03 11:28:13 sin zona en este archivo.,,Figura 33,60
EV-JACD-016,no-registrada,JACD,LAB-JACD,Intelligence Gathering,evidencias/originales/JACD/EV-JACD-016.png,f00edd664d3e46b0c3cca24a2d11705ebb4ff0d5d5f69dd61ac34310ae63b7d5,Servicios Jaime primera parte,Nmap SSH/HTTP/rpcbind y Drupal 7; salida en archivo mostrada. Fecha 2026-10-03 12:15:04 sin zona visible.,,Figura 34,61
EV-JACD-017,no-registrada,JACD,LAB-JACD,Intelligence Gathering,evidencias/originales/JACD/EV-JACD-017.png,fd65a16fa5d21b0ad357e5e0a71795f156ce6d0f52a233e86683a65479f66cb5,Servicios Jaime segunda parte,59236/tcp status; advierte condiciones poco fiables para fingerprinting de OS. No equiparar predicción con sistema corroborado.,,Figura 35,62
EV-JACD-018,no-registrada,JACD,LAB-JACD,Intelligence Gathering,evidencias/originales/JACD/EV-JACD-018.png,3f5bef9e985599772908c20f6c4a5f2666e87195729b125bd0057ed646c4cfed,WhatWeb Jaime,"WhatWeb propone Drupal 7.22–7.26 como candidatos, no una versión exacta.",PT-001,Figura 36,63
EV-JACD-019,no-registrada,JACD,LAB-JACD,Intelligence Gathering,evidencias/originales/JACD/EV-JACD-019.png,2a7df9d88da314e7c17b60d89095823260cdc9e19f3bfa2c6169238fca15fc5a,Transferencia del archivo dirty.c,"Solo muestra descarga HTTP de dirty.c. No acredita ejecución de Dirty COW, el fallo reportado ni ausencia de cambios posteriores.",,Figura 37,64
EV-JACD-020,no-registrada,JACD,LAB-JACD,Intelligence Gathering,evidencias/originales/JACD/EV-JACD-020.png,8f58529b6fcd4747195a11992f8311e858f1f2c9bd36115d28fb43147ced0ad9,Inventario RPC Jaime,"rpcinfo anuncia portmapper y status, aquí 55564/tcp. No se ve showmount ni salida que confirme ausencia universal de NFS.",,Figura 38,65
EV-DQH-006,no-registrada,DQH,LAB-DQH,Exploitation,evidencias/originales/DQH/EV-DQH-006.png,371ca7f6d4c0b7c30836a979383e52ae4d3bd81921ae2082652b69bc766ea056,Métodos de autenticación SSH,"Nmap anuncia publickey y password; inicio 2026-10-04 13:50 -0500, precisión de minuto. No muestra usuario válido por enumeración.",PT-007,Figura 39,66
EV-DQH-007,no-registrada,DQH,LAB-DQH,Exploitation,evidencias/originales/DQH/EV-DQH-007.png,dc194a62e7c0b6508fefd57f624031734c50809ac4cc15c3a19e6ba7ffc08396,Enumeración SSH iniciada,Metasploit muestra Checking for false positives. No hay resultado final que confirme usuarios.,PT-007,Figura 40,67
EV-DQH-008,no-registrada,DQH,LAB-DQH,Exploitation,evidencias/originales/DQH/EV-DQH-008.png,91fe81bfa3a5019159d51d39e59bcfb702e9a826a6e3ddd80c08f49de0d574f3,Hydra encuentra credencial,"Hydra muestra login flag4 y contraseña encontrada. Inicio 2026-10-04 14:05:17, final 14:07:52 sin zona visible: 2 min 35 s, no segundos.",PT-007,Figura 41,68
EV-DQH-009,no-registrada,DQH,LAB-DQH,Exploitation,evidencias/originales/DQH/EV-DQH-009.png,459aff52700d1104877bca14bcd4ed28c23c0e141dd3c14d848ba06d2b09450a,Acceso SSH como flag4,ssh flag4@192.168.18.130 y prompt flag4@DC-1. La advertencia de fingerprint precede al login; no prueba ausencia de verificación fuera de captura.,PT-007,Figura 42,69
EV-DQH-010,no-registrada,DQH,LAB-DQH,Exploitation,evidencias/originales/DQH/EV-DQH-010.png,d38617b1ce34465984dec1c541523359ebf501b1829809530339defc68cfa5d7,Lectura de flag4,"Sesión flag4@DC-1, listado de home y lectura de flag4.txt.",PT-007,Figura 43,70
EV-DQH-011,no-registrada,DQH,LAB-DQH,Exploitation,evidencias/originales/DQH/EV-DQH-011.png,be0cc341fe289c2f62a47fe7ee1ac8604c48c35f3555b16320032745add107e4,SUID find y EUID root,"find SUID seguido de bash -p, whoami root e id uid=1001(flag4), euid=0(root). UID real no cambia a cero.",PT-008,Figura 44,71
EV-DQH-012,no-registrada,DQH,LAB-DQH,Exploitation,evidencias/originales/DQH/EV-DQH-012.png,f6d07ecae895ac050396cf4c5b61c197ccd056273921c7d357a6160c21e98efd,EUID root y bandera final,Misma secuencia visible con id y lectura /root/thefinalflag.txt. Hostname solo en prompt inicial: conviene captura final explícita de hostname.,PT-008,Figura 45,72
EV-DQH-013,no-registrada,DQH,LAB-DQH,Exploitation,evidencias/originales/DQH/EV-DQH-013.png,0d5cc2733eee1e1e9d7b80bef0931b66afdf8648e521fd1fc622cec7ac7fa153,Contenido web.config,Navegador muestra reglas XML de configuración. No se observan secretos ni se demuestra impacto de seguridad específico.,PT-006,Figura 46,73
EV-DQH-014,no-registrada,DQH,LAB-DQH,Exploitation,evidencias/originales/DQH/EV-DQH-014.png,f4361227d46ddafc68284062034240a42ecd4b3e0e78783743ac02b764a543d6,Interfaces de Daniel,ens36 192.168.18.129/24 y ens33 192.168.112.128/24. MAC objetivo .18.130 difiere de Jaime: no confundir instancias por IP repetida.,,Figura 47,74
EV-JACD-021,no-registrada,JACD,LAB-JACD,Intelligence Gathering,evidencias/originales/JACD/EV-JACD-021.png,27d2968ac9f98812001fe860c7fb3251ebff336006cfe4daa7c75029263bc895,Preparación de herramienta RPC,"sudo apt install -y rpcbind se ejecuta en Parrot. Es preparación del atacante, no modificación ni explotación demostrada del objetivo.",,Figura 48,75
EV-JACD-022,no-registrada,JACD,LAB-JACD,Intelligence Gathering,evidencias/originales/JACD/EV-JACD-022.png,8ff1f62fec98caa9caa0f18410a66bae6e1bb6b85e0105c8ccd1ccb9c79d1f64,Negociación SSH de Jaime,ssh -v muestra negociación con OpenSSH 6.0p1 y solicitud de aceptación de clave de host. No se observa login exitoso ni vulnerabilidad confirmada.,,Figura 49,76
EV-JACD-023,no-registrada,JACD,LAB-JACD,Intelligence Gathering,evidencias/originales/JACD/EV-JACD-023.png,188d380e77105757bf66095b798dff8703cac349da794b5e50be20019e1f7007,Interfaces del atacante Jaime,ip a muestra ens33 192.168.45.129/24 y ens36 192.168.18.129/24. La salida no demuestra por sí sola el modo NAT o Host-Only.,,Figura 50,77
EV-JACD-024,no-registrada,JACD,LAB-JACD,Intelligence Gathering,evidencias/originales/JACD/EV-JACD-024.png,54dd08ddb0039e336fd412729bd7067a8c15fed6e2b32407979bbd0b43b7ad50,Segunda sesión y conexión auxiliar,Metasploit abre la sesión 11 el 2026-10-03 a las 16:04:01 -0500. Se observa preparación de una conexión a 192.168.18.129:4445 mediante FIFO /tmp/f. Es una sesión distinta de la sesión 4 de EV-JACD-003.,PT-001,Figura 51,78
EV-JACD-025,no-registrada,JACD,LAB-JACD,Intelligence Gathering,evidencias/originales/JACD/EV-JACD-025.png,c61e526e891c1d89f78301618c7426788707da2fb117780f89176849ca9c9090,Listener y shell sin TTY,nc -lvnp 4445 recibe conexión de 192.168.18.130; id muestra uid=33(www-data). La advertencia indica ausencia de TTY y control de trabajos.,PT-001,Figura 52,79
EV-JACD-026,no-registrada,JACD,LAB-JACD,Intelligence Gathering,evidencias/originales/JACD/EV-JACD-026.png,7b063e3932e0877edad77b9765956f28cf110e7de4941223faa737ec72c0778a,Estabilización de la shell,"Se observa pty.spawn, error inicial de TERM no definido, exports y stty raw -echo; fg. El prompt vuelve a www-data@DC-1. Mejora interacción, no eleva privilegios.",PT-001,Figura 53,80
EV-JACD-027,no-registrada,JACD,LAB-JACD,Post-Exploitation,evidencias/originales/JACD/EV-JACD-027.png,ae4ce27562e1221576a541e333d7929b2a16c5f2c7f27d3fb3ddfb9e3ce04fad,Lectura de archivo shadow,head -5 /etc/shadow muestra registros y material de hash desde prompt rootbash. Acredita acceso a un archivo sensible; no es el origen del hash Drupal de PT-003.,PT-002,Figura 54,81
EV-JACD-028,no-registrada,JACD,LAB-JACD,Post-Exploitation,evidencias/originales/JACD/EV-JACD-028.png,3fe111c83124edc6434032367a59b53d114cc931121e0261d46e84b0f1443276,Inventario SUID desde sesión privilegiada,"find / -perm -4000 -type f enumera ejecutables, incluidos /usr/bin/find y /tmp/rootbash. El prompt ya es rootbash: esta captura no acredita inventario previo al escalamiento.",PT-002,Figura 55,82
EV-JACD-029,no-registrada,JACD,LAB-JACD,Post-Exploitation,evidencias/originales/JACD/EV-JACD-029.png,fa2cd828d9c7bb1a433a13eaa3212086bc888e32549a174a93f7e713244ca3de,Intento de enumeración sudo,sudo -l devuelve bash: sudo: command not found. Acredita el fallo en esa sesión; no demuestra inexistencia de otras vías de escalamiento.,PT-002,Figura 56,83
EV-JACD-030,no-registrada,JACD,LAB-JACD,Intelligence Gathering,evidencias/originales/JACD/EV-JACD-030.png,c543fda07ea81a75ad1e53cb7647932d8d096534584ea3eae62d44d9c7a9120a,Investigación de módulos Drupal,"Búsqueda de Drupal en msfconsole muestra módulos candidatos, incluido drupal_drupageddon. Un resultado de búsqueda no confirma aplicabilidad.",PT-001,Figura 57,84
EV-JACD-031,no-registrada,JACD,LAB-JACD,Intelligence Gathering,evidencias/originales/JACD/EV-JACD-031.png,42f2138288a8b1fd7b2913cb685f831d26b3ab99a58fc97199131ca3a47d7fd9,Búsqueda Searchsploit Drupal,searchsploit drupal 7.0 devuelve candidatos SQLi y otros resultados de distintas versiones. La selección necesita correlación con el objetivo y PoC propia.,PT-001,Figura 58,85
EV-JACD-032,no-registrada,JACD,LAB-JACD,Intelligence Gathering,evidencias/originales/JACD/EV-JACD-032.png,44ce1f7ee4dbaba309c1fb5ac4d20a3afdda23c27eaa4b6ba6805e792b282c81,Versión visible de Metasploit de Jaime,La consola muestra Metasploit v6.5.3-dev. Esto completa la versión visible del framework; no aporta hash ni revisión exacta del módulo instalado.,PT-001,Figura 59,86
EV-JACD-033,no-registrada,JACD,LAB-JACD,Intelligence Gathering,evidencias/originales/JACD/EV-JACD-033.png,10f755c064f8a71f0560933b8811a0736a431db00a121779d3e9eb3722f45423,Configuración explícita del módulo,"Se observan RHOSTS 192.168.18.130, LHOST 192.168.18.129, LPORT 4444 y PAYLOAD php/reverse_php. Relacionar con opciones EV-JACD-014 y sesión EV-JACD-003.",PT-001,Figura 60,87
EV-JACD-034,no-registrada,JACD,LAB-JACD,Intelligence Gathering,evidencias/originales/JACD/EV-JACD-034.png,84cec34f36af1ff6112ee3e0dc6d172f5690c94552bc98cd4770aa9d3405cca0,Formulario de login administrativo,Navegador en /user/login muestra usuario admin y contraseña ocultada por el formulario. No acredita éxito por sí solo; la sesión se observa en EV-JACD-013.,PT-003,Figura 61,88
EV-DQH-015,no-registrada,DQH,LAB-DQH,Intelligence Gathering,evidencias/originales/DQH/EV-DQH-015.png,e21ecf10e184a0d4833be2318419caf89d144b9606c3b51860ccd6d51f0c21cd,Continuación de candidatos Drupal,Listado Searchsploit incluye Drupalgeddon2 y múltiples módulos/versiones. No se observa ejecución de un exploit.,PT-005,Figura 62,89
EV-DQH-016,no-registrada,DQH,LAB-DQH,Intelligence Gathering,evidencias/originales/DQH/EV-DQH-016.png,62fccc493449cfb33a81cef2b51e5c3760c629ae36cc98d0f025934b35d3a3ac,Investigación Searchsploit sobre Apache,searchsploit Apache 2.2.22 presenta resultados de componentes y versiones diferentes. No se valida una vulnerabilidad por coincidencia textual.,,Figura 63,90
EV-DQH-017,no-registrada,DQH,LAB-DQH,Intelligence Gathering,evidencias/originales/DQH/EV-DQH-017.png,7a25b6b1087969a254d5fc7373157575785bea37453f36efe6043de4d72e65bc,Investigación Searchsploit sobre PHP,searchsploit PHP 5.4.45 presenta numerosos productos asociados a PHP. No acredita que esos productos estén instalados.,,Figura 64,91
EV-DQH-018,no-registrada,DQH,LAB-DQH,Intelligence Gathering,evidencias/originales/DQH/EV-DQH-018.png,ed4960a56f9317443215db2a79679a473183604e90fab9530e0c0e4afab98b56,Continuación de búsqueda PHP - tramo 2,"Listado de candidatos de varios productos. Evidencia de investigación, no de ejecución ni aplicabilidad al servidor.",,Figura 65,92
EV-DQH-019,no-registrada,DQH,LAB-DQH,Intelligence Gathering,evidencias/originales/DQH/EV-DQH-019.png,95ffa4925012116a88d49f4e29bfbeb725eabc866fe3ff7b1e52090bc0cca800,Continuación de búsqueda PHP - tramo 3,Fin de listado de candidatos; Shellcodes: No Results. No demuestra que PHP carezca de vulnerabilidades.,,Figura 66,93
EV-DQH-020,no-registrada,DQH,LAB-DQH,Intelligence Gathering,evidencias/originales/DQH/EV-DQH-020.png,3b7c1c8c8f78fc9d212b7efea2e6880d1eab7f9d893fc2de6317977a3d5437f9,Investigación Searchsploit sobre jQuery,Búsqueda filtrada de jQuery devuelve componentes y versiones diferentes; no hay PoC XSS/SQLi realizada en esta captura.,,Figura 67,94
EV-DQH-021,no-registrada,DQH,LAB-DQH,Intelligence Gathering,evidencias/originales/DQH/EV-DQH-021.png,815635b3a373c7edc672dfe19d79e862a3b9f170b23d37d2db6165fa90028879,Enumeración SSH final y usuarios candidatos,"Metasploit v6.5.4-dev ejecuta ssh_enumusers hasta Auxiliary module execution completed. No muestra un usuario identificado como válido. El editor muestra root, admin, user, flag4, test y www-data en usuarios_dc1.txt; flag4 ya era candidato de entrada.",PT-007,Figura 68,95
EV-DQH-022,no-registrada,DQH,LAB-DQH,Intelligence Gathering,evidencias/originales/DQH/EV-DQH-022.png,8fac3088ca0d47a2c6e7c4f99f1b2c40b77df2b5d8272dbf0175aaaf43fbe25d,Tecnologías reportadas por Wappalyzer,"La captura identifica Drupal 7, PHP 5.4.45, Apache 2.2.22, Debian y jQuery 1.4.4. Son identificaciones de herramienta, no validación de vulnerabilidad.",PT-005,Figura 69,96
EV-DQH-023,no-registrada,DQH,LAB-DQH,Intelligence Gathering,evidencias/originales/DQH/EV-DQH-023.png,02f0defe7cbf50fd90123df07cd89e144733536136f683ca70fe57386adab1e0,Inicio de enumeración Gobuster,"gobuster dir sobre 192.168.18.130 con common.txt. Respuestas 403 indican acceso denegado, no lectura de archivos sensibles.",,Figura 70,97
EV-DQH-024,no-registrada,DQH,LAB-DQH,Intelligence Gathering,evidencias/originales/DQH/EV-DQH-024.png,caa056a23bcbcaa96f9d0d245c9a651613503ae3f5f90f863109d145df9265b7,Resultados intermedios Gobuster,Se observan respuestas 403 y redirecciones 301 para variantes de rutas. No acredita que las rutas denegadas existan ni que se pueda acceder a su contenido.,,Figura 71,98
EV-DQH-025,no-registrada,DQH,LAB-DQH,Intelligence Gathering,evidencias/originales/DQH/EV-DQH-025.png,380a5acf1671046b6a3ad8c7a54d87837a5cb6ed3b93fe0ac554c517c8f88277,Final de enumeración Gobuster,"Listado incluye web.config 200, robots.txt 200 y rutas con 301/403; progreso 4614/4615 y Finished. Permite seleccionar revisión manual, no afirmar explotación.",PT-006,Figura 72,99
EV-DQH-026,no-registrada,DQH,LAB-DQH,Intelligence Gathering,evidencias/originales/DQH/EV-DQH-026.png,9dcc013e38f02a29f340a6d8812317b01e8c58b99756c7d94cf86bbfa6a2581f,Investigación Searchsploit sobre Drupal,searchsploit drupal 7 devuelve exploits candidatos de distintas versiones y componentes. Justifica investigar; no demuestra que todos apliquen.,PT-005,Figura 73,100
EV-DQH-027,no-registrada,DQH,LAB-DQH,Intelligence Gathering,evidencias/originales/DQH/EV-DQH-027.png,1aa7c3950853fbf087859055d483ad1af055e8a63294abf3c0bac332c5b12868,Vista adicional de web.config,"Captura del XML web.config; reglas de configuración visibles sin credenciales observables. Es otra vista del mismo recurso, no otro hallazgo.",PT-006,Figura 74,101
